STATENAME,URL,WEBSITE,ACTIVITYESTIMATE,WEEKEND,WEEK,SEASON
Alabama,http://adph.org/influenza/,"Influenza Surveillance",Sporadic,Nov-05-2016,44,2016-17
Alaska,http://dhss.alaska.gov/dph/Epi/id/Pages/influenza/influenza.aspx%20,"Influenza Surveillance Report",Sporadic,Nov-05-2016,44,2016-17
Arizona,http://www.azdhs.gov/phs/oids/epi/flu/index.htm,"Influenza & RSV Surveillance",Sporadic,Nov-05-2016,44,2016-17
Arkansas,http://www.healthy.arkansas.gov/programs-services/topics/influenza,"Communicable Disease and Immunizations",Sporadic,Nov-05-2016,44,2016-17
California,https://www.cdph.ca.gov/Programs/CID/DCDC/Pages/Immunization/Influenza.aspx,"Influenza (Flu)",Local Activity,Nov-05-2016,44,2016-17
Colorado,https://www.colorado.gov/pacific/cdphe/influenza-data,"Influenza Surveillance",Sporadic,Nov-05-2016,44,2016-17
Connecticut,http://www.portal.ct.gov/DPH/Infectious-Diseases/Flu/Influenza-Surveillance-and-Statistics,"Flu Statistics",Sporadic,Nov-05-2016,44,2016-17
Delaware,http://dhss.delaware.gov/dhss/dph/epi/influenzawkly.html,"Weekly Influenza Surveillance Reports",Sporadic,Nov-05-2016,44,2016-17
District of Columbia,http://doh.dc.gov/page/influenza-season,"Influenza Information",Sporadic,Nov-05-2016,44,2016-17
Florida,http://www.floridahealth.gov/diseases-and-conditions/influenza/index.html%20,"Weekly Influenza Surveillance Reports",Sporadic,Nov-05-2016,44,2016-17
Georgia,https://dph.georgia.gov/flu-activity-georgia,"Weekly Influenza Surveillance in Georgia",Sporadic,Nov-05-2016,44,2016-17
Hawaii,http://health.hawaii.gov/docd/resources/reports/influenza-reports/,"Hawaii's Influenza Surveillance Program",Local Activity,Nov-05-2016,44,2016-17
Idaho,http://healthandwelfare.idaho.gov/Health/DiseasesConditions/SeasonalInfluenzaFlu/tabid/327/Default.aspx,"Influenza",Sporadic,Nov-05-2016,44,2016-17
Illinois,http://dph.illinois.gov/topics-services/diseases-and-conditions/influenza/surveillance,"Seasonal Influenza Surveillance Reports",No Activity,Nov-05-2016,44,2016-17
Indiana,http://www.in.gov/isdh/22104.htm,"Influenza in Indiana",Sporadic,Nov-05-2016,44,2016-17
Iowa,http://idph.iowa.gov/influenza/surveillance,"Iowa Influenza Surveillance Network",Sporadic,Nov-05-2016,44,2016-17
Kansas,http://www.kdheks.gov/flu/surveillance.htm,"Influenza Information",Sporadic,Nov-05-2016,44,2016-17
Kentucky,http://chfs.ky.gov/dph/epi/Influenza.htm,"Influenza - Flu",Sporadic,Nov-05-2016,44,2016-17
Louisiana,http://new.dhh.louisiana.gov/index.cfm/page/1591,"Influenza",Sporadic,Nov-05-2016,44,2016-17
Maine,http://www.maine.gov/dhhs/mecdc/infectious-disease/epi/influenza/influenza-surveillance-weekly-updates.shtml,"Weekly Surveillance Updates",Local Activity,Nov-05-2016,44,2016-17
Maryland,https://phpa.health.maryland.gov/influenza/fluwatch,"Influenza Surveillance",Sporadic,Nov-05-2016,44,2016-17
Massachusetts,http://blog.mass.gov/publichealth/category/flu-facts/,"Influenza Surveillance Data",Local Activity,Nov-05-2016,44,2016-17
Michigan,http://www.michigan.gov/mdch/0%252c1607%252c7-132-2940_2955_22779_40563_48357-191722--%252c00.html,"Influenza Activity and Surveillance",Sporadic,Nov-05-2016,44,2016-17
Minnesota,http://www.health.state.mn.us/divs/idepc/diseases/flu/stats/index.html,"Weekly Influenza Activity: Statistics",Sporadic,Nov-05-2016,44,2016-17
Mississippi,http://www.msdh.state.ms.us/msdhsite/_static/14%252c0%252c199%252c230.html,"Mississippi Flu Surveillance and Influenza-Like Illness Reports",Sporadic,Nov-05-2016,44,2016-17
Missouri,http://health.mo.gov/living/healthcondiseases/communicable/influenza/reports.php,"Influenza Data & Statistical Reports ",Sporadic,Nov-05-2016,44,2016-17
Montana,http://dphhs.mt.gov/publichealth/cdepi/diseases/influenza.aspx,"Influenza: What You Need to Know",Sporadic,Nov-05-2016,44,2016-17
Nebraska,http://dhhs.ne.gov/publichealth/Pages/flu.aspx,"Weekly Flu Report",No Activity,Nov-05-2016,44,2016-17
Nevada,http://dpbh.nv.gov/Programs/OPHIE/dta/Publications/Public_Health_Informatics_and_Epidemiology_(OPHIE)_-_Publications/,"Influenza (Flu): Surveillance, News Releases and Brochures",Sporadic,Nov-05-2016,44,2016-17
New Hampshire,http://www.dhhs.nh.gov/dphs/cdcs/influenza/activity.htm,"Influenza Control and Surveillance",Regional,Nov-05-2016,44,2016-17
New Jersey,http://www.nj.gov/health/cd/topics/flu.shtml,"Seasonal Influenza - Surveillance",Sporadic,Nov-05-2016,44,2016-17
New Mexico,https://nmhealth.org/about/erd/ideb/isp/,"Flu in New Mexico",Sporadic,Nov-05-2016,44,2016-17
New York,http://www.health.ny.gov/diseases/communicable/influenza/surveillance/,"Influenza Activity, Surveillance and Reports",Sporadic,Nov-05-2016,44,2016-17
North Carolina,http://www.flu.nc.gov/%20,"North Carolina Influenza Update",Sporadic,Nov-05-2016,44,2016-17
North Dakota,http://www.ndflu.com/default.aspx,"Influenza",Sporadic,Nov-05-2016,44,2016-17
Ohio,http://www.flu.ohio.gov%20,"Influenza Information",Sporadic,Nov-05-2016,44,2016-17
Oklahoma,http://www.ok.gov/health/Disease%252c_Prevention%252c_Preparedness/Acute_Disease_Service/Disease_Information/Influenza_Home_Page.html,"Influenza Information",Local Activity,Nov-05-2016,44,2016-17
Oregon,http://public.health.oregon.gov/DiseasesConditions/CommunicableDisease/DiseaseSurveillanceData/Influenza/Pages/surveil.aspx,"Influenza Disease Surveillance Data",Local Activity,Nov-05-2016,44,2016-17
Pennsylvania,http://www.flufreepa.com,"Influenza Weekly Report ",Sporadic,Nov-05-2016,44,2016-17
Rhode Island,http://www.health.ri.gov/data/flu/index.php,"Influenza Surveillance",No Activity,Nov-05-2016,44,2016-17
South Carolina,http://www.scdhec.gov/Health/DiseasesandConditions/InfectiousDiseases/Flu/FluData/,"Influenza Activity and Surveillance",Sporadic,Nov-05-2016,44,2016-17
South Dakota,http://doh.sd.gov/diseases/infectious/flu/default.aspx,"Influenza Information",Sporadic,Nov-05-2016,44,2016-17
Tennessee,http://www.tn.gov/health/cedep/immunization-program/ip/flu-in-tennessee.html,"Influenza-Like Illness Surveillance Summary Archive",Sporadic,Nov-05-2016,44,2016-17
Texas,http://www.dshs.state.tx.us/idcu/disease/influenza/surveillance/,"Influenza Surveillance",Sporadic,Nov-05-2016,44,2016-17
Utah,http://health.utah.gov/epi/diseases/influenza/surveillance/index.html,"Seasonal Influenza Weekly Update",Sporadic,Nov-05-2016,44,2016-17
Vermont,http://www.healthvermont.gov/immunizations-infectious-disease/influenza/flu-activity-and-surveillance,"Flu Activity",No Activity,Nov-05-2016,44,2016-17
Virginia,http://www.vdh.virginia.gov/epidemiology/influenza-flu-in-virginia/influenza-surveillance/,"Virginia Weekly Influenza Activity Report",Sporadic,Nov-05-2016,44,2016-17
Washington,http://www.doh.wa.gov/DataandStatisticalReports/DiseasesandChronicConditions/CommunicableDiseaseSurveillanceData/InfluenzaSurveillanceData,"Influenza Update",Sporadic,Nov-05-2016,44,2016-17
West Virginia,http://www.dhhr.wv.gov/oeps/disease/flu/Pages/fluSurveillance.aspx,"Current Influenza Surveillance",Sporadic,Nov-05-2016,44,2016-17
Wisconsin,http://www.dhs.wisconsin.gov/communicable/influenza/index.htm,"Tracking Influenza in Wisconsin",Sporadic,Nov-05-2016,44,2016-17
Wyoming,https://health.wyo.gov/publichealth/infectious-disease-epidemiology-unit/influenza/influenza-reports/,"Influenza",Sporadic,Nov-05-2016,44,2016-17
Guam,,"",Regional,Nov-05-2016,44,2016-17
Puerto Rico,http://www.salud.gov.pr/Estadisticas-Registros-y-Publicaciones/Pages/Influenza.aspx,"Puerto Rico Departamento de Salud",Regional,Nov-05-2016,44,2016-17
Virgin Islands,http://doh.vi.gov/,"Influenza",Sporadic,Nov-05-2016,44,2016-17
